,date,HRV (SDNN),Is at Work (binary),Is Winter time (binary),Is Above Mean Value
0,2018-01-16 09:50:18+02:00,32.397,1,1,0
1,2018-01-16 09:55:05+02:00,45.1124,1,1,1
2,2018-01-16 14:52:15+02:00,27.3781,1,1,0
3,2018-01-16 21:24:11+02:00,41.4216,0,1,1
4,2018-01-18 09:08:50+02:00,41.0526,1,1,0
5,2018-01-18 09:16:42+02:00,43.2457,1,1,1
6,2018-01-18 20:59:56+02:00,28.3643,0,1,0
7,2018-01-19 08:26:32+02:00,53.743,0,1,1
8,2018-01-20 11:41:57+02:00,38.5957,0,1,0
9,2018-01-20 14:11:47+02:00,43.1893,0,1,1
10,2018-01-20 16:59:57+02:00,31.4732,0,1,0
11,2018-01-22 17:15:03+02:00,28.6433,0,1,0
12,2018-01-23 10:18:33+02:00,26.1331,1,1,0
13,2018-01-23 14:02:58+02:00,41.9345,1,1,1
14,2018-01-23 17:13:35+02:00,15.9217,0,1,0
15,2018-01-24 08:59:55+02:00,56.0,0,1,1
16,2018-01-24 14:46:32+02:00,33.0738,1,1,0
17,2018-01-25 09:08:11+02:00,55.3122,1,1,1
18,2018-01-25 19:00:49+02:00,48.6171,0,1,1
19,2018-01-25 21:21:07+02:00,28.2555,0,1,0
20,2018-01-26 00:59:58+02:00,28.5318,0,1,0
21,2018-01-26 09:10:47+02:00,49.3191,1,1,1
22,2018-01-26 13:48:39+02:00,29.5,1,1,0
23,2018-01-27 01:32:03+02:00,29.9698,0,1,0
24,2018-01-27 12:17:33+02:00,59.5179,0,1,1
25,2018-01-27 16:59:58+02:00,29.7783,0,1,0
26,2018-01-27 21:20:27+02:00,27.0324,0,1,0
27,2018-01-28 00:59:56+02:00,31.0015,0,1,0
28,2018-01-29 06:14:38+02:00,60.3883,0,1,1
29,2018-01-29 17:01:29+02:00,55.2308,0,1,1
30,2018-01-29 22:23:10+02:00,35.7775,0,1,0
31,2018-01-30 09:23:21+02:00,48.9113,1,1,1
32,2018-01-30 14:23:16+02:00,42.4257,1,1,1
33,2018-01-30 17:54:43+02:00,37.6688,0,1,0
34,2018-01-31 09:22:56+02:00,37.4658,1,1,0
35,2018-01-31 17:27:29+02:00,64.6766,0,1,1
36,2018-02-01 08:36:38+02:00,107.476,0,1,1
37,2018-02-01 09:11:20+02:00,28.4022,1,1,0
38,2018-02-01 14:21:45+02:00,75.5393,1,1,1
39,2018-02-01 23:21:46+02:00,32.2945,0,1,0
40,2018-02-02 09:02:24+02:00,53.3643,1,1,1
41,2018-02-02 22:51:03+02:00,26.7465,0,1,0
42,2018-02-03 01:00:22+02:00,48.6936,0,1,1
43,2018-02-03 10:15:34+02:00,40.0648,0,1,0
44,2018-02-03 16:31:23+02:00,34.696,0,1,0
45,2018-02-03 17:01:48+02:00,14.9718,0,1,0
46,2018-02-03 20:59:58+02:00,38.3886,0,1,0
47,2018-02-04 10:04:53+02:00,64.5024,0,1,1
48,2018-02-04 17:35:32+02:00,31.273000000000003,0,1,0
49,2018-02-04 21:01:34+02:00,46.5698,0,1,1
50,2018-02-05 11:18:29+02:00,67.1933,1,1,1
51,2018-02-05 17:53:17+02:00,43.2254,0,1,1
52,2018-02-06 10:19:47+02:00,29.1773,1,1,0
53,2018-02-06 13:25:49+02:00,40.0492,1,1,0
54,2018-02-07 10:14:06+02:00,42.9906,1,1,1
55,2018-02-07 13:45:05+02:00,37.0995,1,1,0
56,2018-02-08 09:58:54+02:00,32.771,1,1,0
57,2018-02-08 14:37:35+02:00,23.4761,1,1,0
58,2018-02-08 21:02:38+02:00,34.1696,0,1,0
59,2018-02-11 16:32:12+02:00,48.5766,0,1,1
60,2018-02-11 17:12:31+02:00,24.0078,0,1,0
61,2018-02-11 20:59:08+02:00,47.8768,0,1,1
62,2018-02-12 09:00:14+02:00,28.5668,1,1,0
63,2018-02-12 17:10:24+02:00,48.9719,0,1,1
64,2018-02-13 10:00:34+02:00,31.6208,1,1,0
65,2018-02-14 17:22:39+02:00,37.4783,0,1,0
66,2018-02-16 23:51:20+02:00,26.5236,0,1,0
67,2018-02-17 03:33:17+02:00,26.3439,0,1,0
68,2018-02-17 07:27:21+02:00,46.1804,0,1,1
69,2018-02-17 11:35:21+02:00,52.1105,0,1,1
70,2018-02-18 19:27:22+02:00,39.4897,0,1,0
71,2018-02-18 23:29:01+02:00,10.494000000000002,0,1,0
72,2018-02-19 09:34:50+02:00,52.733999999999995,1,1,1
73,2018-02-20 10:28:47+02:00,44.6416,1,1,1
74,2018-02-20 12:00:32+02:00,27.2167,1,1,0
75,2018-02-20 23:27:21+02:00,37.2105,0,1,0
76,2018-02-21 10:22:35+02:00,36.1144,1,1,0
77,2018-02-22 09:30:28+02:00,51.6146,1,1,1
78,2018-02-22 21:31:52+02:00,14.9771,0,1,0
79,2018-02-23 08:50:22+02:00,43.2262,0,1,1
80,2018-02-23 08:54:29+02:00,30.5,0,1,0
81,2018-02-23 13:37:17+02:00,39.760999999999996,1,1,0
82,2018-02-24 11:39:06+02:00,19.9154,0,1,0
83,2018-02-24 17:04:05+02:00,24.2307,0,1,0
84,2018-02-25 12:33:17+02:00,47.9355,0,1,1
85,2018-02-25 17:02:14+02:00,50.7186,0,1,1
86,2018-03-01 19:11:21+02:00,40.1326,0,1,0
87,2018-03-01 21:05:04+02:00,24.8269,0,1,0
88,2018-03-02 01:12:51+02:00,10.585999999999999,0,1,0
89,2018-03-02 10:55:54+02:00,73.4004,1,1,1
90,2018-03-02 17:07:47+02:00,44.6843,0,1,1
91,2018-03-06 13:20:48+02:00,56.7792,1,1,1
92,2018-03-08 09:13:02+02:00,21.7773,1,1,0
93,2018-03-09 01:13:58+02:00,19.6882,0,1,0
94,2018-03-09 11:20:13+02:00,55.8659,1,1,1
95,2018-03-09 13:51:17+02:00,33.9835,1,1,0
96,2018-03-12 09:19:30+02:00,59.8321,1,1,1
97,2018-03-12 18:33:06+02:00,28.410999999999998,0,1,0
98,2018-03-13 09:21:31+02:00,35.4163,1,1,0
99,2018-03-14 13:33:23+02:00,36.6376,1,1,0
100,2018-03-16 09:08:05+02:00,33.0303,1,1,0
101,2018-03-16 09:10:42+02:00,47.2679,1,1,1
102,2018-03-21 14:14:06+02:00,39.8529,1,1,0
103,2018-03-21 16:47:21+02:00,121.34100000000001,1,1,1
104,2018-03-21 20:47:19+02:00,25.2982,0,1,0
105,2018-03-22 00:47:44+02:00,48.2895,0,1,1
106,2018-03-23 00:48:14+02:00,29.6648,0,1,0
107,2018-03-23 14:25:10+02:00,52.1189,1,1,1
108,2018-03-24 00:47:15+02:00,26.006,0,1,0
109,2018-03-24 18:43:17+02:00,35.764,0,1,0
110,2018-03-26 00:28:11+02:00,29.9917,0,1,0
111,2018-03-27 14:43:18+02:00,41.8487,1,1,1
112,2018-03-27 18:43:18+02:00,24.7437,0,1,0
113,2018-03-27 22:45:05+02:00,40.0539,0,1,0
114,2018-03-29 18:11:06+02:00,34.034,0,1,0
115,2018-03-31 14:07:33+02:00,45.2887,0,1,1
116,2018-04-03 01:16:28+02:00,63.4577,0,0,1
117,2018-04-03 16:43:55+02:00,36.0598,1,0,0
118,2018-04-04 13:32:47+02:00,47.0601,1,0,1
119,2018-04-05 10:15:35+02:00,16.1903,1,0,0
120,2018-04-05 16:48:34+02:00,22.9449,1,0,0
121,2018-04-05 20:59:24+02:00,27.8613,0,0,0
122,2018-04-06 10:24:08+02:00,20.3039,1,0,0
123,2018-04-06 13:12:22+02:00,41.25,1,0,0
124,2018-04-07 10:54:39+02:00,48.9272,0,0,1
125,2018-04-07 17:54:37+02:00,34.4256,0,0,0
126,2018-04-07 20:42:21+02:00,58.8966,0,0,1
127,2018-04-09 16:42:03+02:00,76.2127,1,0,1
128,2018-04-10 20:41:43+02:00,43.9339,0,0,1
129,2018-04-11 07:16:39+02:00,41.0921,0,0,0
130,2018-04-11 08:53:10+02:00,38.343,0,0,0
131,2018-04-11 17:59:17+02:00,35.2491,0,0,0
132,2018-04-11 22:16:19+02:00,38.8185,0,0,0
133,2018-04-12 07:32:36+02:00,50.0362,0,0,1
134,2018-04-12 13:16:08+02:00,32.2684,1,0,0
135,2018-04-12 19:01:59+02:00,45.5796,0,0,1
136,2018-04-12 20:42:34+02:00,48.7769,0,0,1
137,2018-04-13 08:44:29+02:00,34.6852,0,0,0
138,2018-04-13 17:00:53+02:00,27.9777,0,0,0
139,2018-04-13 20:44:26+02:00,15.8173,0,0,0
140,2018-04-14 21:01:55+02:00,28.1014,0,0,0
141,2018-04-16 07:29:36+02:00,50.9602,0,0,1
142,2018-04-16 13:08:41+02:00,26.8375,1,0,0
143,2018-04-17 08:55:24+02:00,53.0336,0,0,1
144,2018-04-17 13:37:00+02:00,33.5718,1,0,0
145,2018-04-18 07:36:34+02:00,63.4911,0,0,1
146,2018-04-18 09:10:53+02:00,32.6267,1,0,0
147,2018-04-18 13:42:23+02:00,31.223000000000003,1,0,0
148,2018-04-19 08:20:58+02:00,47.2288,0,0,1
149,2018-04-19 09:25:29+02:00,46.9408,1,0,1
150,2018-04-19 13:22:29+02:00,39.378,1,0,0
151,2018-04-19 17:08:36+02:00,37.8038,0,0,0
152,2018-04-19 20:45:04+02:00,36.9637,0,0,0
153,2018-04-20 09:30:55+02:00,38.7185,1,0,0
154,2018-04-20 16:41:39+02:00,46.225,1,0,1
155,2018-04-22 21:10:41+02:00,26.4717,0,0,0
156,2018-04-23 08:15:03+02:00,65.9541,0,0,1
157,2018-04-23 13:01:33+02:00,56.3898,1,0,1
158,2018-04-23 17:23:22+02:00,50.4034,0,0,1
159,2018-04-24 08:52:00+02:00,21.9303,0,0,0
160,2018-05-01 07:21:32+02:00,60.3174,0,0,1
161,2018-05-01 13:24:17+02:00,28.688000000000002,1,0,0
162,2018-05-02 09:22:27+02:00,47.9199,1,0,1
163,2018-05-03 09:04:00+02:00,26.225,1,0,0
164,2018-05-03 13:07:37+02:00,37.5117,1,0,0
165,2018-05-03 16:44:19+02:00,44.0398,1,0,1
166,2018-05-03 20:59:08+02:00,27.2683,0,0,0
167,2018-05-06 16:41:42+02:00,37.7558,0,0,0
168,2018-05-06 21:01:45+02:00,37.2902,0,0,0
169,2018-05-07 08:41:30+02:00,57.0427,0,0,1
170,2018-05-07 08:44:37+02:00,33.2293,0,0,0
171,2018-05-07 13:29:57+02:00,34.1083,1,0,0
172,2018-05-07 16:46:25+02:00,24.5777,1,0,0
173,2018-05-07 20:49:07+02:00,28.1003,0,0,0
174,2018-05-08 14:07:03+02:00,27.6507,1,0,0
175,2018-05-08 17:11:25+02:00,56.9122,0,0,1
176,2018-05-08 20:45:31+02:00,48.1099,0,0,1
177,2018-05-09 08:31:45+02:00,24.5242,0,0,0
178,2018-05-09 13:56:28+02:00,48.2817,1,0,1
179,2018-05-10 16:59:00+02:00,23.6973,1,0,0
180,2018-05-11 09:19:41+02:00,37.9366,1,0,0
181,2018-05-11 09:26:18+02:00,61.3601,1,0,1
182,2018-05-11 17:54:02+02:00,40.9695,0,0,0
183,2018-05-11 20:41:36+02:00,28.6215,0,0,0
184,2018-05-12 14:55:35+02:00,49.6871,0,0,1
185,2018-05-12 14:57:47+02:00,50.0006,0,0,1
186,2018-05-12 17:02:31+02:00,62.0499,0,0,1
187,2018-05-15 08:52:22+02:00,27.491999999999997,0,0,0
188,2018-05-15 13:56:15+02:00,25.581999999999997,1,0,0
189,2018-05-15 17:53:29+02:00,51.5012,0,0,1
190,2018-05-15 21:55:35+02:00,47.3893,0,0,1
191,2018-05-22 07:20:23+02:00,92.0808,0,0,1
192,2018-05-22 09:57:02+02:00,28.4143,1,0,0
193,2018-05-22 14:28:23+02:00,39.5538,1,0,0
194,2018-05-22 18:07:29+02:00,53.9079,0,0,1
195,2018-05-22 21:53:17+02:00,12.4172,0,0,0
196,2018-05-23 07:54:36+02:00,38.841,0,0,0
197,2018-05-23 13:57:21+02:00,30.9122,1,0,0
198,2018-05-23 17:53:06+02:00,28.4627,0,0,0
199,2018-05-24 07:40:05+02:00,30.8383,0,0,0
200,2018-05-24 17:53:43+02:00,37.2718,0,0,0
201,2018-05-26 15:12:00+02:00,31.1669,0,0,0
202,2018-05-27 17:56:03+02:00,59.9145,0,0,1
203,2018-05-27 21:56:17+02:00,33.2462,0,0,0
204,2018-05-28 08:45:35+02:00,36.3327,0,0,0
205,2018-05-28 14:11:27+02:00,31.9697,1,0,0
206,2018-05-28 17:53:16+02:00,78.8868,0,0,1
207,2018-05-29 07:56:24+02:00,39.6374,0,0,0
208,2018-05-29 09:54:45+02:00,50.4356,1,0,1
209,2018-05-29 14:43:18+02:00,57.1642,1,0,1
210,2018-05-31 09:13:26+02:00,44.4452,1,0,1
211,2018-05-31 11:26:02+02:00,52.778999999999996,1,0,1
212,2018-05-31 13:58:09+02:00,51.4976,1,0,1
213,2018-05-31 21:53:03+02:00,26.2524,0,0,0
214,2018-06-01 08:30:18+02:00,37.836,0,0,0
215,2018-06-01 21:00:32+02:00,49.5461,0,0,1
216,2018-06-01 21:59:36+02:00,17.6547,0,0,0
217,2018-06-05 11:31:01+02:00,34.6239,1,0,0
218,2018-06-05 18:12:45+02:00,21.7758,0,0,0
219,2018-06-05 21:53:06+02:00,23.0136,0,0,0
220,2018-06-06 08:11:10+02:00,57.9488,0,0,1
221,2018-06-06 09:55:31+02:00,48.1742,1,0,1
222,2018-06-06 18:12:09+02:00,98.3279,0,0,1
223,2018-06-06 21:53:05+02:00,53.2999,0,0,1
224,2018-06-07 10:10:51+02:00,51.6146,1,0,1
225,2018-06-07 13:53:22+02:00,32.7424,1,0,0
226,2018-06-07 18:15:18+02:00,44.1998,0,0,1
227,2018-06-07 21:53:05+02:00,37.1223,0,0,0
228,2018-06-08 09:24:18+02:00,51.049,1,0,1
229,2018-06-08 14:07:34+02:00,38.1084,1,0,0
230,2018-06-11 11:07:49+02:00,48.1865,1,0,1
231,2018-06-12 09:04:21+02:00,57.5956,1,0,1
232,2018-06-12 10:14:19+02:00,66.4083,1,0,1
233,2018-06-12 18:09:03+02:00,22.980999999999998,0,0,0
234,2018-06-13 09:08:10+02:00,36.1499,1,0,0
235,2018-06-13 18:09:38+02:00,36.0711,0,0,0
236,2018-06-14 06:34:08+02:00,62.2098,0,0,1
237,2018-06-14 10:14:02+02:00,31.4484,1,0,0
238,2018-06-14 14:13:11+02:00,59.9171,1,0,1
239,2018-06-14 17:53:06+02:00,42.7522,0,0,1
240,2018-06-14 21:53:22+02:00,36.5924,0,0,0
241,2018-06-15 07:26:22+02:00,27.5136,0,0,0
242,2018-06-15 14:26:24+02:00,29.5899,1,0,0
243,2018-06-18 08:18:44+02:00,77.67,0,0,1
244,2018-06-18 13:57:43+02:00,54.5407,1,0,1
245,2018-06-19 08:35:41+02:00,46.7005,0,0,1
246,2018-06-20 09:30:37+02:00,31.9365,1,0,0
247,2018-06-20 13:58:20+02:00,34.6888,1,0,0
248,2018-06-21 09:53:13+02:00,48.3955,1,0,1
249,2018-06-21 14:23:08+02:00,54.8264,1,0,1
250,2018-06-21 18:43:24+02:00,53.1254,0,0,1
251,2018-06-22 10:04:32+02:00,38.0953,1,0,0
252,2018-06-22 13:55:15+02:00,57.3961,1,0,1
253,2018-07-02 09:34:52+02:00,67.0858,1,0,1
254,2018-07-02 17:54:01+02:00,15.1204,0,0,0
255,2018-07-03 08:49:13+02:00,34.8819,0,0,0
256,2018-07-03 10:13:02+02:00,60.7222,1,0,1
257,2018-07-03 17:53:01+02:00,30.9859,0,0,0
258,2018-07-03 22:25:46+02:00,42.2389,0,0,1
259,2018-07-04 09:53:08+02:00,53.4252,1,0,1
260,2018-07-04 15:00:55+02:00,38.7984,1,0,0
261,2018-07-04 17:55:01+02:00,60.748999999999995,0,0,1
262,2018-07-05 08:29:46+02:00,26.8485,0,0,0
263,2018-07-05 13:54:15+02:00,42.0587,1,0,1
264,2018-07-06 08:39:30+02:00,63.6116,0,0,1
265,2018-07-06 10:06:50+02:00,50.0437,1,0,1
266,2018-07-09 09:20:31+02:00,15.5945,1,0,0
267,2018-07-09 17:53:02+02:00,33.0889,0,0,0
268,2018-07-10 13:53:57+02:00,42.9149,1,0,1
269,2018-07-11 09:07:54+02:00,42.4308,1,0,1
270,2018-07-13 09:20:55+02:00,47.2024,1,0,1
271,2018-07-13 09:24:02+02:00,35.3704,1,0,0
272,2018-07-13 10:19:27+02:00,30.05,1,0,0
273,2018-07-13 14:06:23+02:00,35.5897,1,0,0
274,2018-07-16 09:38:52+02:00,29.3258,1,0,0
275,2018-07-16 11:02:52+02:00,62.452,1,0,1
276,2018-07-16 18:42:48+02:00,32.5183,0,0,0
277,2018-07-17 14:40:03+02:00,66.9057,1,0,1
278,2018-07-17 17:53:32+02:00,15.4879,0,0,0
279,2018-07-18 09:47:37+02:00,69.5234,1,0,1
280,2018-07-18 10:40:13+02:00,40.9718,1,0,0
281,2018-07-18 19:27:44+02:00,32.3419,0,0,0
282,2018-07-19 09:52:45+02:00,66.4403,1,0,1
283,2018-07-19 10:00:43+02:00,63.3596,1,0,1
284,2018-07-19 13:59:26+02:00,45.7398,1,0,1
285,2018-07-20 14:07:06+02:00,44.6409,1,0,1
286,2018-07-23 09:54:28+02:00,49.3875,1,0,1
287,2018-07-24 09:20:33+02:00,31.1899,1,0,0
288,2018-07-24 10:12:34+02:00,41.4299,1,0,1
289,2018-07-26 09:10:35+02:00,62.7306,1,0,1
290,2018-07-26 09:12:52+02:00,38.8491,1,0,0
291,2018-07-26 09:53:24+02:00,32.6497,1,0,0
292,2018-07-26 15:26:27+02:00,21.6593,1,0,0
293,2018-07-30 09:57:46+02:00,35.0901,1,0,0
294,2018-07-30 10:36:17+02:00,25.0325,1,0,0
295,2018-07-30 14:22:00+02:00,26.8153,1,0,0
296,2018-07-31 08:08:33+02:00,40.7162,0,0,0
297,2018-07-31 10:14:50+02:00,24.7108,1,0,0
298,2018-07-31 15:22:50+02:00,27.1005,1,0,0
299,2018-08-10 09:10:43+02:00,43.1132,1,0,1
300,2018-08-10 09:53:41+02:00,47.3979,1,0,1
301,2018-08-12 09:35:58+02:00,67.9375,0,0,1
302,2018-08-12 17:40:00+02:00,48.2202,0,0,1
303,2018-08-12 17:53:24+02:00,66.5484,0,0,1
304,2018-08-13 09:04:01+02:00,65.0336,1,0,1
305,2018-08-13 13:52:56+02:00,23.4627,1,0,0
306,2018-08-15 10:28:58+02:00,48.388999999999996,1,0,1
307,2018-08-20 00:13:04+02:00,28.4506,0,0,0
308,2018-08-23 08:08:43+02:00,27.3382,0,0,0
309,2018-08-23 17:59:19+02:00,37.6937,0,0,0
310,2018-08-30 08:50:35+02:00,42.0022,0,0,1
311,2018-08-30 14:19:03+02:00,45.9851,1,0,1
312,2018-09-06 08:15:38+02:00,31.8591,0,0,0
313,2018-09-06 09:52:59+02:00,17.1883,1,0,0
314,2018-09-16 17:31:43+02:00,60.5351,0,0,1
315,2018-09-16 18:19:33+02:00,36.7687,0,0,0
316,2018-09-18 08:58:09+02:00,27.1972,0,0,0
317,2018-09-18 14:52:35+02:00,51.0986,1,0,1
318,2018-09-22 09:48:52+02:00,68.0661,0,0,1
319,2018-09-22 09:52:59+02:00,55.0954,0,0,1
320,2018-09-22 14:50:26+02:00,26.5542,0,0,0
321,2018-09-22 17:53:08+02:00,38.9535,0,0,0
322,2018-10-06 22:43:22+02:00,38.1232,0,1,0
323,2018-10-06 23:07:17+02:00,34.0349,0,1,0
324,2018-10-09 16:02:08+02:00,25.7233,1,1,0
325,2018-10-09 23:09:29+02:00,34.2765,0,1,0
326,2018-10-10 08:29:51+02:00,56.6232,0,1,1
327,2018-10-10 15:39:07+02:00,82.3647,1,1,1
328,2018-10-10 15:44:04+02:00,38.4505,1,1,0
329,2018-10-10 21:41:30+02:00,37.9835,0,1,0
330,2018-10-10 22:43:10+02:00,38.1166,0,1,0
331,2018-10-10 23:25:19+02:00,15.6525,0,1,0
332,2018-10-11 23:10:17+02:00,24.9575,0,1,0
333,2018-10-12 19:41:27+02:00,45.2521,0,1,1
334,2018-10-13 00:00:47+02:00,51.5509,0,1,1
335,2018-10-13 11:49:38+02:00,37.9506,0,1,0
336,2018-10-13 17:26:35+02:00,38.5965,0,1,0
337,2018-10-14 08:12:11+02:00,45.6905,0,1,1
338,2018-10-14 19:58:25+02:00,51.4533,0,1,1
339,2018-10-15 08:22:46+02:00,50.0231,0,1,1
340,2018-10-16 12:40:40+02:00,30.384,1,1,0
341,2018-10-16 16:45:53+02:00,29.0796,1,1,0
342,2018-10-16 20:14:43+02:00,26.2011,0,1,0
343,2018-10-18 09:07:40+02:00,38.1461,1,1,0
344,2018-10-19 07:56:03+02:00,61.6994,0,1,1
345,2018-10-20 10:41:55+02:00,50.355,0,1,1
346,2018-10-20 15:41:56+02:00,33.2885,0,1,0
347,2018-10-21 15:41:29+02:00,173.52599999999998,0,1,1
348,2018-10-21 19:58:25+02:00,36.2595,0,1,0
349,2018-10-23 12:01:14+02:00,58.7479,1,1,1
350,2018-10-24 14:37:25+02:00,90.0878,1,1,1
351,2018-10-24 22:05:59+02:00,24.7878,0,1,0
352,2018-10-25 09:12:11+02:00,69.1127,1,1,1
353,2018-10-25 14:10:19+02:00,18.7916,1,1,0
354,2018-10-25 18:24:42+02:00,56.2972,0,1,1
355,2018-10-27 22:07:48+02:00,23.6683,0,1,0
356,2018-10-28 02:06:08+02:00,33.0776,0,1,0
357,2018-10-28 06:07:24+02:00,98.5152,0,1,1
358,2018-10-29 16:31:33+02:00,21.9545,1,1,0
359,2018-10-30 10:34:43+02:00,55.1027,1,1,1
360,2018-10-30 22:06:02+02:00,29.1987,0,1,0
361,2018-10-31 10:09:05+02:00,47.4269,1,1,1
362,2018-10-31 18:06:21+02:00,32.8729,0,1,0
363,2018-10-31 22:27:59+02:00,36.7848,0,1,0
364,2018-11-02 08:25:07+02:00,43.1473,0,1,1
365,2018-11-03 02:06:08+02:00,34.7725,0,1,0
366,2018-11-03 06:21:11+02:00,41.1544,0,1,0
367,2018-11-03 18:22:56+02:00,47.0937,0,1,1
368,2018-11-03 22:14:07+02:00,60.9493,0,1,1
369,2018-11-05 10:18:18+02:00,35.2243,1,1,0
370,2018-11-06 10:05:45+02:00,54.1693,1,1,1
371,2018-11-06 14:14:20+02:00,54.8127,1,1,1
372,2018-11-07 09:04:41+02:00,42.2751,1,1,1
373,2018-11-08 14:06:05+02:00,37.6584,1,1,0
374,2018-11-08 22:06:08+02:00,31.1579,0,1,0
375,2018-11-09 10:32:05+02:00,33.4729,1,1,0
376,2018-11-10 11:24:20+02:00,56.2005,0,1,1
377,2018-11-13 08:48:44+02:00,27.8085,0,1,0
378,2018-11-13 10:28:36+02:00,54.3978,1,1,1
379,2018-11-14 02:06:33+02:00,92.2314,0,1,1
380,2018-11-14 10:42:43+02:00,37.4575,1,1,0
381,2018-11-14 22:14:14+02:00,42.0045,0,1,1
382,2018-11-19 09:18:53+02:00,53.6144,1,1,1
383,2018-11-19 22:54:02+02:00,35.4198,0,1,0
384,2018-11-20 14:39:21+02:00,25.1023,1,1,0
385,2018-11-24 23:31:29+02:00,22.4123,0,1,0
386,2018-11-25 10:51:53+02:00,83.1798,0,1,1
387,2018-11-25 18:49:40+02:00,56.783,0,1,1
388,2018-11-26 15:25:10+02:00,36.9349,1,1,0
389,2018-11-27 10:37:29+02:00,37.793,1,1,0
390,2018-11-27 15:14:52+02:00,22.5596,1,1,0
391,2018-11-28 18:51:52+02:00,39.9382,0,1,0
392,2018-11-29 15:01:37+02:00,30.816,1,1,0
393,2018-11-29 19:19:16+02:00,54.8885,0,1,1
394,2018-11-30 02:34:37+02:00,51.4533,0,1,1
395,2018-12-05 02:49:39+02:00,54.0833,0,1,1
396,2018-12-05 06:34:36+02:00,75.2795,0,1,1
397,2018-12-05 23:14:53+02:00,41.4254,0,1,1
398,2018-12-06 06:34:35+02:00,62.6917,0,1,1
399,2018-12-07 08:53:38+02:00,68.4402,0,1,1
400,2018-12-07 10:34:35+02:00,40.8909,1,1,0
401,2018-12-10 12:46:07+02:00,33.2885,1,1,0
402,2018-12-11 14:36:39+02:00,37.2902,1,1,0
403,2018-12-11 17:12:26+02:00,35.0116,0,1,0
404,2018-12-12 01:30:38+02:00,30.8393,0,1,0
405,2018-12-12 05:02:15+02:00,30.8768,0,1,0
406,2018-12-12 10:28:33+02:00,29.1783,1,1,0
407,2018-12-12 13:51:19+02:00,43.6449,1,1,1
408,2018-12-12 17:22:01+02:00,40.3214,0,1,0
409,2018-12-13 13:42:34+02:00,33.6266,1,1,0
410,2018-12-14 01:02:18+02:00,27.0347,0,1,0
411,2018-12-15 01:02:43+02:00,61.085,0,1,1
412,2018-12-17 05:02:14+02:00,46.4462,0,1,1
413,2018-12-18 01:04:03+02:00,45.0805,0,1,1
414,2018-12-18 05:02:15+02:00,47.7042,0,1,1
415,2018-12-18 17:06:17+02:00,38.3544,0,1,0
416,2018-12-19 10:45:36+02:00,68.2431,1,1,1
417,2018-12-20 01:03:41+02:00,44.5084,0,1,1
418,2018-12-20 05:17:21+02:00,39.896,0,1,0
419,2018-12-22 11:02:14+02:00,59.7573,0,1,1
420,2018-12-22 14:34:17+02:00,34.422,0,1,0
421,2018-12-23 17:21:34+02:00,43.6606,0,1,1
422,2018-12-23 21:13:46+02:00,62.7714,0,1,1
423,2018-12-24 09:53:56+02:00,51.0692,1,1,1
424,2018-12-24 17:22:24+02:00,33.0927,0,1,0
425,2018-12-25 01:10:40+02:00,31.4364,0,1,0
426,2018-12-25 12:51:06+02:00,47.4124,1,1,1
427,2018-12-25 21:02:15+02:00,37.9366,0,1,0
428,2018-12-26 01:02:14+02:00,46.9348,0,1,1
429,2018-12-28 02:55:53+02:00,70.8683,0,1,1
430,2018-12-28 06:16:34+02:00,47.5132,0,1,1
431,2018-12-28 10:25:12+02:00,44.9159,1,1,1
432,2018-12-28 14:32:53+02:00,35.8791,1,1,0
433,2018-12-29 02:16:40+02:00,34.6654,0,1,0
434,2018-12-29 10:16:36+02:00,35.537,0,1,0
435,2018-12-29 14:57:37+02:00,27.074,0,1,0
436,2018-12-29 18:17:29+02:00,44.3734,0,1,1
437,2018-12-31 12:56:36+02:00,28.4814,1,1,0
438,2019-01-01 18:45:51+02:00,28.4956,0,1,0
439,2019-01-02 12:02:51+02:00,38.4163,1,1,0
440,2019-01-03 18:51:32+02:00,42.1241,0,1,1
441,2019-01-06 00:52:23+02:00,43.6785,0,1,1
442,2019-01-06 18:16:34+02:00,52.1848,0,1,1
443,2019-01-06 22:32:33+02:00,26.6235,0,1,0
444,2019-01-07 20:14:11+02:00,26.7512,0,1,0
445,2019-01-07 23:08:57+02:00,51.9333,0,1,1
446,2019-01-08 13:59:12+02:00,27.5261,1,1,0
447,2019-01-08 14:16:34+02:00,34.8344,1,1,0
448,2019-01-08 18:16:33+02:00,37.3355,0,1,0
449,2019-01-11 11:45:32+02:00,54.512,1,1,1
450,2019-01-13 18:16:32+02:00,53.8725,0,1,1
451,2019-01-13 22:22:20+02:00,48.2526,0,1,1
452,2019-01-14 13:21:50+02:00,48.6692,1,1,1
453,2019-01-14 14:25:16+02:00,52.7174,1,1,1
454,2019-01-15 14:16:29+02:00,48.8531,1,1,1
455,2019-01-15 20:54:22+02:00,72.1712,0,1,1
456,2019-01-17 09:34:00+02:00,44.4628,1,1,1
457,2019-01-17 14:41:42+02:00,45.7855,1,1,1
458,2019-01-17 18:22:28+02:00,37.7442,0,1,0
459,2019-01-17 22:16:32+02:00,29.0893,0,1,0
460,2019-01-19 22:31:39+02:00,72.7702,0,1,1
461,2019-01-22 17:14:21+02:00,27.7635,0,1,0
462,2019-01-22 18:16:33+02:00,44.1616,0,1,1
463,2019-01-24 14:08:19+02:00,48.5039,1,1,1
464,2019-01-26 21:50:51+02:00,32.2015,0,1,0
465,2019-01-27 12:25:37+02:00,29.7037,0,1,0
466,2019-01-27 14:12:31+02:00,56.9945,0,1,1
467,2019-01-28 01:31:58+02:00,39.4842,0,1,0
468,2019-01-28 15:34:54+02:00,43.6928,1,1,1
469,2019-01-28 17:39:01+02:00,39.1304,0,1,0
470,2019-01-30 11:30:20+02:00,42.5867,1,1,1
471,2019-01-30 17:45:03+02:00,49.2747,0,1,1
472,2019-01-31 12:20:53+02:00,43.0625,1,1,1
473,2019-01-31 15:07:23+02:00,18.5051,1,1,0
474,2019-01-31 17:19:50+02:00,49.4495,0,1,1
475,2019-02-01 01:19:52+02:00,36.7542,0,1,0
476,2019-02-04 13:31:20+02:00,50.3872,1,1,1
477,2019-02-05 00:08:41+02:00,27.831,0,1,0
478,2019-02-05 18:44:58+02:00,49.2322,0,1,1
479,2019-02-05 18:47:09+02:00,35.6555,0,1,0
480,2019-02-05 21:19:09+02:00,36.4589,0,1,0
481,2019-02-06 10:27:46+02:00,31.959,1,1,0
482,2019-02-06 13:54:09+02:00,43.6613,1,1,1
483,2019-02-06 17:45:17+02:00,32.9735,0,1,0
484,2019-02-06 22:02:46+02:00,35.9835,0,1,0
485,2019-02-07 13:38:21+02:00,40.2702,1,1,0
486,2019-02-08 10:36:54+02:00,46.5155,1,1,1
487,2019-02-08 17:43:49+02:00,44.7283,0,1,1
488,2019-02-11 10:53:02+02:00,36.6708,1,1,0
489,2019-02-11 17:22:46+02:00,15.3175,0,1,0
490,2019-02-11 21:19:45+02:00,43.7914,0,1,1
491,2019-02-13 10:28:13+02:00,40.9352,1,1,0
492,2019-02-13 17:34:40+02:00,35.3209,0,1,0
493,2019-02-15 10:44:42+02:00,43.2211,1,1,1
494,2019-02-15 17:37:42+02:00,45.4821,0,1,1
495,2019-02-16 15:43:59+02:00,46.4166,0,1,1
496,2019-02-16 17:19:26+02:00,60.2267,0,1,1
497,2019-02-17 13:44:06+02:00,36.8188,0,1,0
498,2019-02-17 17:18:31+02:00,91.2839,0,1,1
499,2019-02-17 21:19:14+02:00,40.6755,0,1,0
500,2019-02-18 09:30:44+02:00,26.7675,1,1,0
501,2019-02-20 10:13:42+02:00,27.1063,1,1,0
502,2019-02-20 17:20:23+02:00,31.4901,0,1,0
503,2019-02-20 21:43:07+02:00,22.951,0,1,0
504,2019-02-22 10:57:06+02:00,36.2224,1,1,0
505,2019-02-23 21:18:23+02:00,72.45,0,1,1
506,2019-02-26 10:41:58+02:00,33.2425,1,1,0
507,2019-02-26 13:43:30+02:00,33.8766,1,1,0
508,2019-02-26 21:34:42+02:00,34.538000000000004,0,1,0
509,2019-02-27 17:27:34+02:00,51.5752,0,1,1
510,2019-03-01 20:53:00+02:00,52.7162,0,1,1
511,2019-03-01 21:44:29+02:00,53.633,0,1,1
512,2019-03-02 17:39:25+02:00,23.1908,0,1,0
513,2019-03-02 21:55:33+02:00,31.0705,0,1,0
514,2019-03-06 21:21:38+02:00,40.3314,0,1,0
515,2019-03-07 17:21:09+02:00,39.2802,0,1,0
516,2019-03-08 09:22:30+02:00,64.9288,1,1,1
517,2019-03-08 13:57:03+02:00,47.8918,1,1,1
518,2019-03-09 17:20:52+02:00,31.9824,0,1,0
519,2019-03-10 20:44:41+02:00,18.1263,0,1,0
520,2019-03-11 18:47:49+02:00,27.1788,0,1,0
521,2019-03-12 13:52:57+02:00,69.7052,1,1,1
522,2019-03-14 21:38:53+02:00,36.7185,0,1,0
523,2019-03-18 10:45:54+02:00,55.8234,1,1,1
524,2019-03-18 22:44:40+02:00,51.1994,0,1,1
525,2019-03-20 10:19:28+02:00,36.5026,1,1,0
526,2019-03-21 08:52:39+02:00,46.1851,0,1,1
527,2019-03-21 21:36:15+02:00,34.4819,0,1,0
528,2019-03-23 17:26:20+02:00,31.6485,0,1,0
529,2019-03-23 21:01:51+02:00,38.7814,0,1,0
530,2019-03-24 13:36:20+02:00,38.7508,0,1,0
531,2019-03-24 17:14:37+02:00,24.9312,0,1,0
532,2019-03-26 21:27:37+02:00,22.8062,0,1,0
533,2019-03-27 22:13:58+02:00,96.6417,0,1,1
534,2019-03-28 17:09:27+02:00,49.7657,0,1,1
535,2019-03-31 17:16:49+02:00,49.5555,0,1,1
536,2019-04-02 17:41:04+02:00,43.968,0,0,1
537,2019-04-02 20:54:13+02:00,58.4989,0,0,1
538,2019-04-03 09:49:37+02:00,27.4067,1,0,0
539,2019-04-03 20:54:15+02:00,20.6579,0,0,0
540,2019-04-04 10:36:40+02:00,36.1265,1,0,0
541,2019-04-08 09:18:53+02:00,43.315,1,0,1
542,2019-04-08 19:34:39+02:00,23.1787,0,0,0
543,2019-04-09 09:19:45+02:00,49.7531,1,0,1
544,2019-04-09 09:26:07+02:00,16.906,1,0,0
545,2019-04-09 19:04:56+02:00,29.6843,0,0,0
546,2019-04-09 21:15:13+02:00,34.8936,0,0,0
547,2019-04-11 09:48:34+02:00,36.5077,1,0,0
548,2019-04-11 13:05:07+02:00,50.9191,1,0,1
549,2019-04-12 13:19:36+02:00,25.8384,1,0,0
550,2019-04-12 15:46:17+02:00,62.1475,1,0,1
551,2019-04-12 19:52:01+02:00,32.6698,0,0,0
552,2019-04-12 23:24:28+02:00,52.9776,0,0,1
553,2019-04-13 23:19:37+02:00,32.6248,0,0,0
554,2019-04-15 09:41:56+02:00,42.9869,1,0,1
555,2019-04-15 19:53:47+02:00,28.7424,0,0,0
556,2019-04-16 09:47:49+02:00,49.0586,1,0,1
557,2019-04-16 15:46:37+02:00,75.4905,1,0,1
558,2019-04-16 20:27:46+02:00,53.4737,0,0,1
559,2019-04-17 09:14:07+02:00,45.1477,1,0,1
560,2019-04-18 16:00:08+02:00,85.9502,1,0,1
561,2019-04-18 19:19:36+02:00,34.2901,0,0,0
562,2019-04-19 19:33:49+02:00,42.4146,0,0,1
563,2019-04-19 23:19:39+02:00,39.7225,0,0,0
564,2019-04-21 15:41:39+02:00,35.0179,0,0,0
565,2019-04-21 19:59:13+02:00,24.9249,0,0,0
566,2019-04-22 11:56:54+02:00,31.9834,1,0,0
567,2019-04-23 15:36:21+02:00,40.0827,1,0,0
568,2019-04-24 09:50:33+02:00,33.9245,1,0,0
569,2019-04-24 11:33:25+02:00,58.4882,1,0,1
570,2019-04-24 15:59:40+02:00,38.8426,1,0,0
571,2019-04-27 15:13:33+02:00,27.9061,0,0,0
572,2019-04-28 17:49:27+02:00,39.6658,0,0,0
573,2019-04-28 18:22:59+02:00,23.6379,0,0,0
574,2019-04-29 19:31:21+02:00,59.2848,0,0,1
575,2019-04-29 22:47:43+02:00,46.3627,0,0,1
576,2019-05-01 11:42:39+02:00,59.8138,1,0,1
577,2019-05-02 11:51:33+02:00,38.9912,1,0,0
578,2019-05-02 12:04:06+02:00,45.1428,1,0,1
579,2019-05-02 14:43:35+02:00,32.8434,1,0,0
580,2019-05-03 16:17:14+02:00,26.8386,1,0,0
581,2019-05-03 18:43:26+02:00,39.0056,0,0,0
582,2019-05-03 22:54:21+02:00,32.2093,0,0,0
583,2019-05-05 15:13:46+02:00,30.9506,0,0,0
584,2019-05-05 19:38:56+02:00,35.5765,0,0,0
585,2019-05-07 00:44:45+02:00,46.8982,0,0,1
586,2019-05-11 18:16:10+02:00,47.6465,0,0,1
587,2019-05-12 01:10:49+02:00,26.2916,0,0,0
588,2019-05-13 12:35:15+02:00,24.2848,1,0,0
589,2019-05-13 18:11:40+02:00,36.2853,0,0,0
590,2019-05-13 22:17:16+02:00,63.5698,0,0,1
591,2019-05-14 12:55:20+02:00,49.0676,1,0,1
592,2019-05-14 14:57:59+02:00,12.1732,1,0,0
593,2019-05-14 16:13:24+02:00,54.0544,1,0,1
594,2019-05-14 18:47:28+02:00,113.241,0,0,1
595,2019-05-14 20:52:01+02:00,52.2386,0,0,1
596,2019-05-14 22:36:14+02:00,25.9796,0,0,0
597,2019-05-15 00:11:36+02:00,70.2816,0,0,1
598,2019-05-15 02:11:38+02:00,30.2913,0,0,0
599,2019-05-15 19:05:55+02:00,26.593000000000004,0,0,0
600,2019-05-15 21:41:57+02:00,42.8726,0,0,1
601,2019-05-16 21:51:24+02:00,11.3826,0,0,0
602,2019-05-16 23:47:47+02:00,23.6035,0,0,0
603,2019-05-18 23:25:22+02:00,45.1553,0,0,1
604,2019-05-19 01:24:19+02:00,54.2316,0,0,1
605,2019-05-19 17:14:34+02:00,24.2126,0,0,0
606,2019-05-19 17:24:06+02:00,23.5717,0,0,0
607,2019-05-20 20:03:47+02:00,30.2593,0,0,0
608,2019-05-20 23:28:02+02:00,36.4452,0,0,0
609,2019-05-21 09:33:37+02:00,34.7734,1,0,0
610,2019-05-21 18:37:15+02:00,42.8486,0,0,1
611,2019-05-22 08:20:56+02:00,60.101000000000006,0,0,1
612,2019-05-22 14:42:08+02:00,34.078,1,0,0
613,2019-05-22 16:11:12+02:00,79.0577,1,0,1
614,2019-05-22 19:24:05+02:00,28.6684,0,0,0
615,2019-05-22 21:27:37+02:00,49.25,0,0,1
616,2019-05-23 09:36:04+02:00,46.5765,1,0,1
617,2019-05-23 11:28:04+02:00,65.5677,1,0,1
618,2019-05-23 15:30:49+02:00,39.1464,1,0,0
619,2019-05-24 19:24:08+02:00,36.2146,0,0,0
620,2019-05-25 17:58:30+02:00,75.2969,0,0,1
621,2019-05-25 18:01:52+02:00,63.0362,0,0,1
622,2019-05-26 12:13:49+02:00,32.5,0,0,0
623,2019-05-26 14:25:13+02:00,75.7995,0,0,1
624,2019-05-26 17:08:36+02:00,24.5751,0,0,0
625,2019-05-26 17:30:43+02:00,34.2208,0,0,0
626,2019-05-27 09:31:00+02:00,36.2939,1,0,0
627,2019-05-27 19:42:32+02:00,35.4427,0,0,0
628,2019-05-27 21:16:05+02:00,68.6372,0,0,1
629,2019-05-27 22:49:12+02:00,46.6188,0,0,1
630,2019-05-28 17:06:12+02:00,54.4271,0,0,1
631,2019-05-28 19:24:14+02:00,51.7059,0,0,1
632,2019-05-28 20:49:11+02:00,36.5932,0,0,0
633,2019-05-31 13:09:38+02:00,13.7477,1,0,0
634,2019-05-31 14:52:00+02:00,59.2758,1,0,1
635,2019-06-01 23:06:37+02:00,22.2008,0,0,0
636,2019-06-02 20:23:59+02:00,26.7885,0,0,0
637,2019-06-02 22:17:27+02:00,35.887,0,0,0
638,2019-06-03 00:13:06+02:00,30.9081,0,0,0
639,2019-06-03 10:46:15+02:00,33.8526,1,0,0
640,2019-06-03 13:16:39+02:00,68.8776,1,0,1
641,2019-06-03 15:37:06+02:00,31.7136,1,0,0
642,2019-06-03 17:54:19+02:00,39.3057,0,0,0
643,2019-06-03 19:26:13+02:00,51.637,0,0,1
644,2019-06-03 21:27:12+02:00,55.3048,0,0,1
645,2019-06-04 14:14:03+02:00,35.3217,1,0,0
646,2019-06-04 19:39:31+02:00,42.6929,0,0,1
647,2019-06-05 10:34:15+02:00,10.7413,1,0,0
648,2019-06-05 20:43:26+02:00,19.402,0,0,0
649,2019-06-06 11:11:51+02:00,33.7731,1,0,0
650,2019-06-06 15:15:53+02:00,37.2483,1,0,0
651,2019-06-06 17:39:53+02:00,25.9988,0,0,0
652,2019-06-06 19:37:34+02:00,27.4044,0,0,0
653,2019-06-06 21:29:58+02:00,14.0357,0,0,0
654,2019-06-07 13:12:02+02:00,35.0535,1,0,0
655,2019-06-07 15:36:11+02:00,42.5367,1,0,1
656,2019-06-07 17:24:27+02:00,13.5046,0,0,0
657,2019-06-08 15:58:22+02:00,26.75,0,0,0
658,2019-06-08 20:41:57+02:00,32.0439,0,0,0
659,2019-06-08 20:44:29+02:00,32.9991,0,0,0
660,2019-06-08 21:39:07+02:00,31.9179,0,0,0
661,2019-06-10 11:21:55+02:00,58.9735,1,0,1
662,2019-06-10 14:53:38+02:00,48.5399,1,0,1
663,2019-06-10 15:10:39+02:00,62.7754,1,0,1
664,2019-06-10 17:06:37+02:00,66.3386,0,0,1
665,2019-06-10 19:06:49+02:00,61.3234,0,0,1
666,2019-06-10 21:06:33+02:00,34.7464,0,0,0
667,2019-06-11 08:37:31+02:00,56.4574,0,0,1
668,2019-06-11 14:00:46+02:00,41.7013,1,0,1
669,2019-06-11 15:13:08+02:00,35.6037,1,0,0
670,2019-06-12 15:06:36+02:00,20.3101,1,0,0
671,2019-06-12 19:41:31+02:00,39.6776,0,0,0
672,2019-06-13 09:28:45+02:00,51.7313,1,0,1
673,2019-06-13 14:41:35+02:00,60.5805,1,0,1
674,2019-06-13 16:09:17+02:00,61.6533,1,0,1
675,2019-06-13 18:48:42+02:00,45.3528,0,0,1
676,2019-06-13 19:06:34+02:00,36.7831,0,0,0
677,2019-06-14 21:07:32+02:00,25.1645,0,0,0
678,2019-06-14 23:08:14+02:00,40.5332,0,0,0
679,2019-06-15 09:12:14+02:00,30.2572,0,0,0
680,2019-06-15 11:28:49+02:00,25.7609,0,0,0
681,2019-06-15 13:06:56+02:00,15.1431,0,0,0
682,2019-06-15 19:40:32+02:00,56.1627,0,0,1
683,2019-06-15 21:53:49+02:00,42.0126,0,0,1
684,2019-06-15 23:06:31+02:00,34.2117,0,0,0
685,2019-06-16 11:35:00+02:00,40.0609,0,0,0
686,2019-06-16 16:14:57+02:00,26.2011,0,0,0
687,2019-06-16 17:49:43+02:00,45.7794,0,0,1
688,2019-06-16 19:45:45+02:00,55.718,0,0,1
689,2019-06-16 21:07:42+02:00,36.7747,0,0,0
690,2019-06-17 12:48:58+02:00,25.5856,1,0,0
691,2019-06-17 15:08:28+02:00,35.7989,1,0,0
692,2019-06-18 05:12:43+02:00,47.4065,0,0,1
693,2019-06-18 05:14:55+02:00,42.5279,0,0,1
694,2019-06-18 07:07:21+02:00,85.0974,0,0,1
695,2019-06-18 19:39:16+02:00,25.3365,0,0,0
696,2019-06-18 21:46:46+02:00,13.4397,0,0,0
697,2019-06-19 07:37:51+02:00,62.3017,0,0,1
698,2019-06-19 09:14:08+02:00,62.495,1,0,1
699,2019-06-19 16:09:57+02:00,52.7044,1,0,1
700,2019-06-19 23:08:14+02:00,30.9576,0,0,0
701,2019-06-20 07:28:21+02:00,75.321,0,0,1
702,2019-06-20 09:24:25+02:00,48.1787,1,0,1
703,2019-06-20 13:54:14+02:00,45.2486,1,0,1
704,2019-06-20 15:13:51+02:00,55.2964,1,0,1
705,2019-06-20 18:56:09+02:00,61.7227,0,0,1
706,2019-06-20 19:06:36+02:00,37.8773,0,0,0
707,2019-06-21 09:25:03+02:00,62.56,1,0,1
708,2019-06-21 13:20:28+02:00,60.9846,1,0,1
709,2019-06-21 15:14:58+02:00,58.9682,1,0,1
710,2019-06-21 18:35:51+02:00,46.9082,0,0,1
711,2019-06-21 21:37:51+02:00,29.5233,0,0,0
712,2019-06-22 21:12:22+02:00,59.336999999999996,0,0,1
713,2019-06-23 14:50:10+02:00,33.5969,0,0,0
714,2019-06-24 18:07:02+02:00,38.9222,0,0,0
715,2019-06-24 22:47:40+02:00,33.1559,0,0,0
716,2019-06-24 23:08:57+02:00,57.1746,0,0,1
717,2019-06-26 09:29:27+02:00,54.9306,1,0,1
718,2019-06-26 09:49:43+02:00,57.6699,1,0,1
719,2019-06-26 12:41:34+02:00,20.8147,1,0,0
720,2019-06-26 13:31:53+02:00,39.975,1,0,0
721,2019-06-28 07:52:40+02:00,33.7407,0,0,0
722,2019-06-28 08:28:21+02:00,74.1713,0,0,1
723,2019-06-28 09:07:18+02:00,62.9807,1,0,1
724,2019-06-28 14:31:01+02:00,42.78,1,0,1
725,2019-06-28 19:06:35+02:00,34.4492,0,0,0
726,2019-06-29 11:02:27+02:00,25.5881,0,0,0
727,2019-06-29 13:54:27+02:00,60.1451,0,0,1
728,2019-06-29 15:52:21+02:00,35.6151,0,0,0
729,2019-06-29 22:01:35+02:00,28.5788,0,0,0
730,2019-06-29 23:56:48+02:00,30.5727,0,0,0
731,2019-07-01 09:24:15+02:00,44.0773,1,0,1
732,2019-07-01 12:45:20+02:00,52.891999999999996,1,0,1
733,2019-07-01 14:36:19+02:00,53.1472,1,0,1
734,2019-07-01 15:36:02+02:00,50.2643,1,0,1
735,2019-07-02 10:01:54+02:00,60.9216,1,0,1
736,2019-07-02 11:54:11+02:00,71.1411,1,0,1
737,2019-07-02 19:34:20+02:00,46.3607,0,0,1
738,2019-07-02 22:40:33+02:00,30.8383,0,0,0
739,2019-07-03 16:00:44+02:00,29.5889,1,0,0
740,2019-07-03 18:59:28+02:00,34.3266,0,0,0
741,2019-07-03 19:37:09+02:00,60.7515,0,0,1
742,2019-07-03 21:37:56+02:00,32.574,0,0,0
743,2019-07-04 09:09:37+02:00,47.1401,1,0,1
744,2019-07-04 17:34:24+02:00,29.0829,0,0,0
745,2019-07-05 20:27:08+02:00,74.0338,0,0,1
746,2019-07-05 23:35:13+02:00,51.1566,0,0,1
747,2019-07-08 12:52:07+02:00,34.5561,1,0,0
748,2019-07-09 09:54:25+02:00,13.3861,1,0,0
749,2019-07-09 10:26:47+02:00,31.226,1,0,0
750,2019-07-09 16:50:04+02:00,35.4083,1,0,0
751,2019-07-09 19:41:05+02:00,32.6458,0,0,0
752,2019-07-09 20:49:07+02:00,85.2867,0,0,1
753,2019-07-10 09:45:48+02:00,55.6715,1,0,1
754,2019-07-10 15:28:33+02:00,39.8395,1,0,0
755,2019-07-10 17:13:27+02:00,27.7376,0,0,0
756,2019-07-10 19:40:57+02:00,40.1045,0,0,0
757,2019-07-10 20:51:19+02:00,32.2238,0,0,0
758,2019-07-10 23:03:27+02:00,58.2784,0,0,1
759,2019-07-11 12:47:12+02:00,38.935,1,0,0
760,2019-07-12 11:22:27+02:00,59.8754,1,0,1
761,2019-07-12 12:45:14+02:00,33.5336,1,0,0
762,2019-07-12 15:20:22+02:00,28.3317,1,0,0
763,2019-07-13 13:00:23+02:00,44.6255,0,0,1
764,2019-07-13 20:08:07+02:00,9.7179,0,0,0
765,2019-07-13 20:13:09+02:00,20.6836,0,0,0
766,2019-07-15 09:33:48+02:00,29.6627,1,0,0
767,2019-07-15 10:57:11+02:00,37.1214,1,0,0
768,2019-07-15 12:47:33+02:00,54.5,1,0,1
769,2019-07-15 17:51:35+02:00,31.7411,0,0,0
770,2019-07-16 09:03:27+02:00,39.0584,1,0,0
771,2019-07-16 10:23:10+02:00,76.9151,1,0,1
772,2019-07-16 16:58:30+02:00,8.21203,1,0,0
773,2019-07-16 17:52:27+02:00,41.4163,0,0,1
774,2019-07-18 08:59:01+02:00,46.2554,0,0,1
775,2019-07-18 14:05:55+02:00,42.3269,1,0,1
776,2019-07-18 15:59:27+02:00,61.5518,1,0,1
777,2019-07-18 19:55:59+02:00,44.636,0,0,1
778,2019-07-20 13:15:57+02:00,26.4894,0,0,0
779,2019-07-20 15:23:31+02:00,31.4275,0,0,0
780,2019-07-20 17:14:55+02:00,33.2547,0,0,0
781,2019-07-22 18:50:01+02:00,53.7547,0,0,1
782,2019-07-22 19:52:53+02:00,25.9651,0,0,0
783,2019-07-22 21:26:54+02:00,40.0047,0,0,0
784,2019-07-23 09:40:48+02:00,28.2002,1,0,0
785,2019-07-23 12:25:36+02:00,28.1547,1,0,0
786,2019-07-23 13:41:38+02:00,21.6723,1,0,0
787,2019-07-24 09:43:41+02:00,35.7919,1,0,0
788,2019-07-24 12:51:20+02:00,52.5642,1,0,1
789,2019-07-24 15:14:55+02:00,26.9873,1,0,0
790,2019-07-26 13:01:53+02:00,48.0612,1,0,1
791,2019-07-26 14:19:05+02:00,50.7186,1,0,1
792,2019-07-26 17:05:39+02:00,49.2272,0,0,1
793,2019-07-26 22:04:48+02:00,15.6265,0,0,0
794,2019-07-30 17:05:27+02:00,27.0636,0,0,0
795,2019-07-30 17:07:39+02:00,19.8006,0,0,0
796,2019-07-30 18:54:28+02:00,72.0035,0,0,1
797,2019-07-30 21:45:41+02:00,31.8385,0,0,0
798,2019-07-30 23:07:24+02:00,59.4096,0,0,1
799,2019-07-31 08:53:56+02:00,26.1115,0,0,0
800,2019-07-31 15:23:52+02:00,26.8724,1,0,0
801,2019-07-31 17:29:25+02:00,33.8665,0,0,0
802,2019-07-31 19:12:14+02:00,50.8662,0,0,1
803,2019-08-01 10:09:43+02:00,54.3174,1,0,1
804,2019-08-01 14:05:34+02:00,33.3916,1,0,0
805,2019-08-01 14:53:13+02:00,46.0258,1,0,1
806,2019-08-02 07:56:40+02:00,45.4402,0,0,1
807,2019-08-02 07:59:16+02:00,41.8143,0,0,1
808,2019-08-02 10:51:11+02:00,42.086999999999996,1,0,1
809,2019-08-02 11:00:43+02:00,41.5519,1,0,1
810,2019-08-02 18:33:11+02:00,52.6824,0,0,1
811,2019-08-02 20:34:10+02:00,13.8214,0,0,0
812,2019-08-04 21:54:44+02:00,26.5118,0,0,0
813,2019-08-04 23:05:54+02:00,48.5425,0,0,1
814,2019-08-05 09:30:57+02:00,24.6462,1,0,0
815,2019-08-05 13:54:17+02:00,43.8741,1,0,1
816,2019-08-06 13:03:01+02:00,40.9466,1,0,0
817,2019-08-06 13:10:58+02:00,32.7261,1,0,0
818,2019-08-06 16:17:24+02:00,32.0156,1,0,0
819,2019-08-06 18:01:30+02:00,57.4108,0,0,1
820,2019-08-07 09:01:50+02:00,29.0829,1,0,0
821,2019-08-07 11:10:18+02:00,39.132,1,0,0
822,2019-08-07 12:46:45+02:00,60.4152,1,0,1
823,2019-08-09 09:35:54+02:00,29.0689,1,0,0
824,2019-08-09 10:21:23+02:00,31.9061,1,0,0
825,2019-08-10 11:03:18+02:00,47.2123,0,0,1
826,2019-08-10 12:00:32+02:00,38.3177,0,0,0
827,2019-08-14 13:17:16+02:00,38.9053,1,0,0
828,2019-08-14 22:16:43+02:00,35.7561,0,0,0
829,2019-08-14 23:19:54+02:00,23.1584,0,0,0
830,2019-08-15 15:17:50+02:00,37.2844,1,0,0
831,2019-08-17 19:28:07+02:00,28.7967,0,0,0
832,2019-08-18 16:15:39+02:00,34.8784,0,0,0
833,2019-08-20 12:49:18+02:00,25.3106,1,0,0
834,2019-08-20 13:04:20+02:00,23.9152,1,0,0
835,2019-08-20 14:27:14+02:00,34.0881,1,0,0
836,2019-08-20 16:03:08+02:00,31.1669,1,0,0
837,2019-08-22 14:30:54+02:00,43.5366,1,0,1
838,2019-08-25 10:45:33+02:00,43.8983,0,0,1
839,2019-08-26 07:19:35+02:00,53.0872,0,0,1
840,2019-08-26 10:04:13+02:00,49.007,1,0,1
841,2019-08-26 14:04:06+02:00,24.0494,1,0,0
842,2019-08-26 16:45:23+02:00,26.1713,1,0,0
843,2019-08-26 18:02:05+02:00,18.6313,0,0,0
844,2019-08-27 08:27:55+02:00,33.9098,0,0,0
845,2019-08-27 10:40:06+02:00,44.4705,1,0,1
846,2019-08-27 12:16:54+02:00,34.9231,1,0,0
847,2019-08-27 14:23:36+02:00,48.5779,1,0,1
848,2019-08-27 16:08:23+02:00,38.5576,1,0,0
849,2019-08-27 18:14:25+02:00,27.296999999999997,0,0,0
850,2019-08-28 10:19:58+02:00,22.8295,1,0,0
851,2019-08-28 14:00:44+02:00,32.2102,1,0,0
852,2019-08-28 22:07:21+02:00,25.7985,0,0,0
853,2019-08-29 10:31:13+02:00,23.3867,1,0,0
854,2019-08-29 12:31:17+02:00,39.3804,1,0,0
855,2019-08-29 16:38:49+02:00,21.8074,1,0,0
856,2019-08-29 18:02:21+02:00,20.924,0,0,0
857,2019-08-30 17:46:53+02:00,39.6011,0,0,0
858,2019-08-30 19:13:30+02:00,56.0742,0,0,1
859,2019-08-30 20:19:39+02:00,38.1977,0,0,0
860,2019-08-31 14:13:29+02:00,32.3342,0,0,0
861,2019-08-31 16:46:51+02:00,23.3533,0,0,0
862,2019-08-31 18:03:27+02:00,20.37,0,0,0
863,2019-09-03 21:16:21+02:00,29.6722,0,0,0
864,2019-09-03 21:18:32+02:00,62.1113,0,0,1
865,2019-09-03 22:08:04+02:00,45.8973,0,0,1
866,2019-09-04 09:27:45+02:00,49.4431,1,0,1
867,2019-09-04 13:24:43+02:00,52.0427,1,0,1
868,2019-09-05 10:22:52+02:00,45.3514,1,0,1
869,2019-09-05 10:27:43+02:00,39.8395,1,0,0
870,2019-09-05 22:01:14+02:00,39.5,0,0,0
871,2019-09-05 22:03:26+02:00,41.0723,0,0,0
872,2019-09-09 13:12:01+02:00,36.1118,1,0,0
873,2019-09-10 12:54:05+02:00,51.5121,1,0,1
874,2019-09-10 15:54:32+02:00,31.9893,1,0,0
875,2019-09-10 18:11:09+02:00,26.9293,0,0,0
876,2019-09-10 22:52:21+02:00,45.5096,0,0,1
877,2019-09-12 14:53:01+02:00,31.5397,1,0,0
878,2019-09-12 19:49:07+02:00,30.8798,0,0,0
879,2019-09-12 21:31:33+02:00,27.8545,0,0,0
880,2019-09-13 11:01:25+02:00,58.5913,1,0,1
881,2019-09-13 11:11:51+02:00,59.6249,1,0,1
882,2019-09-13 12:58:18+02:00,34.5941,1,0,0
883,2019-09-13 14:51:20+02:00,32.8043,1,0,0
884,2019-09-13 16:52:35+02:00,23.5345,1,0,0
885,2019-09-13 20:57:47+02:00,46.5618,0,0,1
886,2019-09-13 23:08:46+02:00,44.1425,0,0,1
887,2019-09-14 15:57:43+02:00,40.0835,0,0,0
888,2019-09-14 17:24:16+02:00,18.0728,0,0,0
889,2019-09-14 19:59:38+02:00,48.1404,0,0,1
890,2019-09-14 21:55:10+02:00,28.4572,0,0,0
891,2019-09-16 12:14:35+02:00,22.4819,1,0,0
892,2019-09-16 15:03:20+02:00,38.0789,1,0,0
893,2019-09-16 17:02:01+02:00,26.5636,0,0,0
894,2019-09-16 18:03:49+02:00,46.0027,0,0,1
895,2019-09-17 10:17:30+02:00,55.6277,1,0,1
896,2019-09-17 12:57:35+02:00,45.0548,1,0,1
897,2019-09-18 09:45:03+02:00,51.9669,1,0,1
898,2019-09-18 10:22:52+02:00,19.2012,1,0,0
899,2019-09-19 09:50:07+02:00,35.7736,1,0,0
900,2019-09-19 14:05:06+02:00,43.4382,1,0,1
901,2019-09-19 20:27:48+02:00,48.6897,0,0,1
902,2019-09-20 08:04:44+02:00,30.0406,0,0,0
903,2019-09-20 10:31:00+02:00,40.7998,1,0,0
904,2019-09-20 20:48:02+02:00,40.5062,0,0,0
905,2019-09-21 12:38:05+02:00,50.3804,0,0,1
906,2019-09-21 15:21:58+02:00,35.5405,0,0,0
907,2019-09-22 14:10:51+02:00,37.2827,0,0,0
908,2019-09-22 16:46:18+02:00,25.7791,0,0,0
909,2019-09-23 14:23:31+02:00,41.7657,1,0,1
910,2019-09-24 10:26:01+02:00,32.339,1,0,0
911,2019-09-25 09:08:19+02:00,54.2321,1,0,1
912,2019-09-25 10:12:26+02:00,26.2047,1,0,0
913,2019-09-25 13:08:18+02:00,28.7934,1,0,0
914,2019-09-25 16:25:28+02:00,31.0604,1,0,0
915,2019-09-26 12:52:11+02:00,25.5526,1,0,0
916,2019-09-26 15:44:11+02:00,30.8474,1,0,0
917,2019-09-26 16:21:19+02:00,61.6528,1,0,1
918,2019-09-27 09:43:06+02:00,42.1107,1,0,1
919,2019-09-27 09:52:52+02:00,21.836,1,0,0
920,2019-09-27 13:51:48+02:00,28.9126,1,0,0
921,2019-09-27 14:57:46+02:00,40.634,1,0,0
922,2019-09-30 13:01:51+02:00,16.7463,1,0,0
923,2019-10-01 10:07:14+02:00,37.5766,1,1,0
924,2019-10-01 10:42:41+02:00,12.49,1,1,0
925,2019-10-01 16:58:44+02:00,26.2845,1,1,0
926,2019-10-02 09:42:58+02:00,47.5487,1,1,1
927,2019-10-02 12:34:01+02:00,30.5491,1,1,0
928,2019-10-02 12:40:08+02:00,31.1318,1,1,0
929,2019-10-02 15:40:11+02:00,60.6305,1,1,1
930,2019-10-02 16:41:32+02:00,36.1602,1,1,0
931,2019-10-06 10:12:25+02:00,30.3531,0,1,0
